
{
	"dcu": {
		"eva1": {
			"posx": 298390.123123,
			"posy": 3272419.123123,
			"heading": -126.123123
		},
		"eva2": {
			"posx": 298390.123123,
			"posy": 3272419.123123,
			"heading": -126.123123
		}
	}
}