
{
	"rover": {
		"posx": 298388.123123,
		"posy": 3272422.123123,
		"qr_id": 0
	}
}