{"cameraMode":{"drawMode":0,"name":"Shaded","section":"Shading Mode"},"sceneLighting":true,"audioPlay":false,"sceneViewState":{"m_AlwaysRefresh":false,"showFog":true,"showSkybox":true,"showFlares":true,"showImageEffects":true,"showParticleSystems":true,"showVisualEffectGraphs":true,"m_FxEnabled":true},"in2DMode":false,"pivot":{"x":-0.13034604489803315,"y":1.275174856185913,"z":0.800000011920929},"rotation":{"x":0.14381079375743867,"y":-0.12581194937229157,"z":0.01843670941889286,"w":0.9814063906669617},"size":0.0749395340681076,"orthographic":true}