{"cameraMode":{"drawMode":0,"name":"Shaded","section":"Shading Mode"},"sceneLighting":true,"audioPlay":false,"sceneViewState":{"m_AlwaysRefresh":false,"showFog":true,"showSkybox":true,"showFlares":true,"showImageEffects":true,"showParticleSystems":true,"showVisualEffectGraphs":true,"m_FxEnabled":true},"in2DMode":false,"pivot":{"x":-0.1557600051164627,"y":1.2794678211212159,"z":0.7992272973060608},"rotation":{"x":0.04632531851530075,"y":0.08231761306524277,"z":-0.00382987386547029,"w":0.9955272674560547},"size":0.08205057680606842,"orthographic":true}