{"cameraMode":{"drawMode":0,"name":"Shaded","section":"Shading Mode"},"sceneLighting":true,"audioPlay":false,"sceneViewState":{"m_AlwaysRefresh":false,"showFog":true,"showSkybox":true,"showFlares":true,"showImageEffects":true,"showParticleSystems":true,"showVisualEffectGraphs":true,"m_FxEnabled":true},"in2DMode":false,"pivot":{"x":0.27292901277542117,"y":1.0176008939743043,"z":0.8039552569389343},"rotation":{"x":0.24206557869911195,"y":-0.007277203723788261,"z":0.0018155239522457123,"w":0.9702367186546326},"size":0.5874025821685791,"orthographic":true}