{"cameraMode":{"drawMode":0,"name":"Shaded","section":"Shading Mode"},"sceneLighting":false,"audioPlay":false,"sceneViewState":{"m_AlwaysRefresh":false,"showFog":true,"showSkybox":false,"showFlares":true,"showImageEffects":true,"showParticleSystems":true,"showVisualEffectGraphs":true,"m_FxEnabled":true},"in2DMode":false,"pivot":{"x":-0.00002771615982055664,"y":1.5141081809997559,"z":0.30427613854408266},"rotation":{"x":0.09273164719343186,"y":-0.05374188348650932,"z":0.005010938737541437,"w":0.9942383766174316},"size":0.2108457237482071,"orthographic":true}